Unnamed: 0,id,body,subreddit,removed,context
67796,67796,I believe you just perfectly described the trolls on GetMotivated perfectly ,GetMotivated,True,"Not the person you replied to but what this person doesn't understand is that successful people don't find the time to accomplish their goals they fucking make the time. There are people out there that work full time, go to school, handle a family life, and still get in good shape. What this person is doing is finding out how little they value themselves, and they're comparing themselves to this guy and because they realize this guy with cp has accomplished far more then they ever have they then feel the need to project their jealously in the form of negative comments instead of actually fixing their life to become what they want it to be."
1378,1378,"Jesus, though, taught as one having authority *because He is God*.",Christianity,False,That's what the Pharisees thought of Jesus about Judaism.
103850,103850,"I mean, how good a place is doesn't really have any bearing on how clean the kitchen is. ",toronto,False,"Butter Chicken Roti is really good, surprised to see them on here."
83962,83962,You'd think they'd have some sort of training to avoid it.,WTF,True,"[6000 people die a year from trains in Mumbai alone](http://www.ndtv.com/article/cities/mumbai-accounts-for-40-of-train-track-deaths-in-india-179455)

They have a pretty bad track record."
35811,35811,"I'd be ok with a farcry 3 remaster, better sandbox, lighting and upped resolution ",Games,True,"Who knows, it may be quicker than we think if they use the same map again."
95570,95570,The traditional account states that Caliph Usman ordered the transcription of the Qu'ran well after the death of the Prophet.,AskHistorians,True,Follow up question if he could not read how did he transcribe the Koran?
56752,56752,"rockruff, pikipek, pikachu, yungoos, jangmo-o, and hakamo-o are the only pokemon you can battle in the demo",pokemon,False,"Ahahaha! They actually learned! Now we can actually be surprised!

I do wonder what Pokemon are available in demo though."
38237,38237,Are you saying the Iron Temple isn't a holy place?,history,False,"More info.Stone tablet found in the Teos ancient city near Seferihisar-İzmir which heredot says about 'City has the most temperate weather in the world'.

Script has a rich details about agreement.Neos obtained the gymnasium by inheritance from a Teosian citizen.After that they wanted to rent the gymnasium and agreement reached upon this conditions:

-Building will be used three days a year.
-If Building neglected or harmed there is penalties.
-Building will be inpects by the neos in every year.
 
And there is a intriguing thing in the tablet.Building and the surrounding area refers as a 'holy place' but it's not.Neos writed that way to avoid the tax.
"
15410,15410,"Exactly the same, always tell people to enjoy the life but it's hard for me to do it ... ",AskReddit,False,"I feel everyone should love themselves for who they are, but I still battle low self-esteem."
28262,28262,"> -fel rushes behind u-

Falls limp as brain disconnects.",wow,True,"-fel rushes behind u-

pssh nothing personnel kid"
77456,77456,"That is a sad story, they would both look like fine additions to NXT right now",SquaredCircle,False,Tessa and Rachel (I think you're speaking of) aren't signed with WWE.
40247,40247,I am asking if he was not a lonely outcast would he turn to crime? ,Incels,False,Yes. His actions are what makes him garbage. 
57337,57337,No joke I met a guy last year with a tattoo that had that mistake.,hiphopheads,False,Do you mean 'does' instead of 'dose'?
34182,34182,"You can fuck mercy and bail in regular overwatch though, just ask my teammates. ",Overwatch,False,can i go the bad route and impregnate Mercy whitout taking responsability?
46710,46710,"What if question is rephrased as ""Most dangerous to human health Acid &amp; Base""?",askscience,False,"This is a somewhat tricky question to answer because the methods we use to classify the strength of an acid or base don't necessarily translate to a super-acidic or super-alkaline solution once they have dissolved in water.  As an example, the record for strongest acid is held by [fluoroantimonic acid](https://en.wikipedia.org/wiki/Fluoroantimonic_acid) (H2 SbF7).  

The strongest known are comprised of highly charged anionic species that are almost completely insoluble in any solvent.  They are held together by strong ionic interactions that are hard to break.  Lithium nitride (Li3N) is a good example of that.  The nitride ion (N^{3-}) is so basic that we have never directly measured it's pKb, as far as I have seen.

As for health hazards, it gets a little weird.  If a material is insoluble, it can't really hurt you.  The surface of lithium nitride would be corrosive to the touch as it combines with the water in your skin or esophagus to form ammonia and hydroxide.  If you dissolved it in water and drank it, it would certainly hurt, but not as much as if you inhaled it in the powdered form.  

The superacid example is also a bit weird.  The maximum acid concentration you can achieve in water at standard pressure is about 15 molar, the concentration of nitric acid.  This is due to its extremely high affinity for water and small molecular size (i.e., you can squeeze more molecules into a small space.)  This translates into a pH of -1.2.  This will mess you up.  

Fluoroantimonic acid, on the other hand, if you were to dissolve it in water, would lose its acidic properties, reverting back to it's building blocks, hydrogen fluoride and antimony pentafluoride.  HF is a significantly weaker acid than a superacid. In fact, it's only a bit worse than vinegar.  That doesn't mean I'd want to eat it.  HF is extremely toxic, and a little bit can give you a heart attack."
76922,76922,"I've spent my life being selfless, I want to finally be selfish this one time, I've waited long enough ",depression,False,"Hey listen. Dont be like that you have to care for others man. I lost everything. I mean EVERYTHING a few months ago.  But i still care about this world. I still can find the good. Im sure you have someone in your life that looks up to you. Life is constantly shit your right but at some point in your life you experienced joy and thats worth everything. 
"
65527,65527,"And then people complain about lack of opportunity, how they've been disenfranchised by society, and how the system is unfair.  ",BlackPeopleTwitter,True," it's her forearm, not yours. And people do what they want with their bodies 

Foh with this annoying Reddity shit"
3717,3717,"All these downvotes, let's just share memes and be happy.",photoshopbattles,True,Didn't stop you from whining 
76311,76311,You mean like Execute after Finley makes your hero power into Fireblast?,hearthstone,False,"Pretty broken tbf.

It would be 2 mana fuck your 8/9/10 mana minion"
54845,54845,"I want my Nvidia GTX QUANTUM X, let me dream !",science,True,Quantum computers is more useful on simulation and calculation rather than graphics. 
28416,28416,"""Everyone kind of looks gross""

That's why you drink till they're all attractive! ",BlackPeopleTwitter,True,"You know that feeling when you walk into a bar or club packed with girls only to find out, upon closer inspection, that everyone looks kind of gross. Same exact feeling as walking into the Sizzler."
73395,73395,Looking at your username alone made me realize this was going to be a retarted comment ,2007scape,True,Thanks man hopefully one day we will see you on OSRS when you can't take anymore of the Disney graphics and mtx 
90191,90191,Pretty sure LOX boils at a lower temperature than hypergolics freeze at.,spacex,False,"Interesting. I thought over heating was more of an issue, and boil off became severe..."
7311,7311,"No, just means that there was not real change in recent decades at least.",europe,True,That means it's OK.
69889,69889,Have fun throwing away your culture and getting your innocent people murdered and raped you coward.,europe,True,"It's not going to happen, at least not here in Germany. 
"
59746,59746,"I took it like ""he's an atheist, so I can't use any religious argument to talk him out of it"". ",SuicideWatch,False,"I'm a bit confused, what does being agnostic have to do with him being suicidal?

You can try, but as someone that is an atheist himself, can tell you it wont help.

I dont know his personal thoughts, but I'm dealing with depression and my mother is a big source of it. She is also very religios. Her bringing up religion everytime made me angry. Because it has nothing to do with it. 

tl;dr: No. Dont give him a blessing. Leave religion out of it and just be his son/daughter. Be understanding and open minded. I hope I made sense."
41626,41626,Did I forget to mention that you are a bit senile?,SquaredCircle,False,Oh yeah? Well maybe you'd like my uncle to come put you in the sharpshooter...
90668,90668,You can find out all that information automatically using snoopsnoo. ,tifu,True,This guy right here. This guy provides due diligence for the masses and is a valuable Reddit asset. Some one who's not me should give this guy gold.
65246,65246,It's textbook whataboutism - and this woman has spewed enough nonsense where it shouldn't be necessary as a rebuttal. ,syriancivilwar,False,"No, it's not. When your job is to report shit, not reporting shit is relevant. Whataboutism would be saying, ""Well Julian Röpcke doesn't report rebel crimes, so I don't have to report regime ones."""
6972,6972,Nooooo this thing called Grav Høj is a place where people of higher status were buried.,history,False,"I didn't know that vikings burried their dead. I always thought that a viking burial is being burned on a ship. Also, why did they bury this guys along with his boat?"
100314,100314,"Yes, an extremely sick Malaysian greyhound that can climb walls",whatisthisthing,True,It looks like an emaciated greyhound.  Poor thing...
23021,23021,"Not anti-isreal , just no more bending over for them or arabs ",The_Donald,True,"I'm disappointed to see so many anti-Israel people in this sub. There's a lot of former bernie-bot liberals here, so I guess that's why. "
42113,42113,"They are made of metal, depending on the time period either mostly silver or copper and silver. ",whatisthisthing,False,[deleted]
70085,70085,"They actually have improved themselves, the updates are slow but fairly good, I still maintain my optimism",pokemongo,False,Niantic does it again. They won't be happy until they've killed off their entire fanbase.
86601,86601,"I'll see your ban from RTD, and raise you a ban from Hillaryforprison LOL",EnoughTrumpSpam,False,"Hey I'm banned from the Donald too 

Hi five"
43857,43857,He missed like two drops previously and then died just before or after the last one from what I recall.,askscience,False,Remember hearing that from a Veritasium video. Didn't the guy missed the last drop because he went out for a short coffee break?
17968,17968,Common sense says to shoot a limping deer and not rehabilitate it.,nottheonion,False,"America, the land of guns and no common sense... "
73683,73683,Maybe if you ate more like a vegan you would no longer be obese and/or depressed?,nottheonion,True,Good for them. It is child cruelty after all. 
93114,93114,"I will be, it's a bit of a trip but how can I pass up meeting EC3?",SquaredCircle,False,Going to the show in a couple of days?
18820,18820,Did you not read the part where I said Curry deserved MVP,nba,False,"Curry had one of the greatest offensive seasons in NBA history. To deny that is idiotic and being completely prisoner of the moment
He was better than LeBron for 82 games of this regular season. LeBron has been better in the possteason, but it was not wrong for people to call Curry better for the majority of this year
"
98314,98314,Jinkies dude you gotta stop zoinking or else you will not be boinking anyone tonight.,me_irl,False,Thats exactly my zoinking problem
56312,56312,A banana would have been a better visual for scale,space,True,"For some scale, the white spot there is approximately half the diameter of earth."
56864,56864,"Why did you say ""at one point or another"" then?",nottheonion,False,"Native Americans make up 2% of the country. You could say that they ""immigrated"" but that was 10,000 years ago."
3800,3800,"But now there are fewer muslims living there, so won't prices actually go up?",WTF,True,there goes the neighbourhood 
52615,52615,That is very much in character for the Japanese of that time period.,AskHistorians,True,"I remember reading a recounting of one meeting that was emblematic of the whole political movement to the attack on Pearl Harbour. I'll try and see if I can find the exact source and quote, but the gist was like this:

> The top leaders of the Navy, the Army, and the civilian politicians were in a meeting discussing future war plans.

> The Army knew it could not easily win the war in Asia, but they did not want to admit this. They were hoping the Navy could quickly knock the U.S. out of the war and then those resources could be redirected to win the land war.

> The Navy knew it could not easily win the war in the Pacific, but they did not want to admit this. They were hoping the Army could quickly achieve victory in China and then those resources could be redirected to win the war at sea.

> The civilian politicians were too cowardly to object to anything the Army or the Navy proposed.

> And so the country continued on its inevitable path to an unwinnable war.

I'm gonna try and find the exact quote."
64217,64217,He's not like Trump outside of being a reality tv bussinessman and confrontational.,CanadaPolitics,True,"Just what we need: a Trump of our own.

Make Canada Great Again :-/"
96080,96080,And they weren't as bad right after that half inning ended.,gifs,False,"I still stand by my conspiracy theory that this horde of bugs was released on purpose. The Yankee pitcher Joba Chamberlain was unhittable at the time, and as soon as he came into the game, a plague of bugs swarmed him"
12157,12157,can you like put all this in one reply next time?,toronto,True,"There is a difference between someone legitmatly being a harm to the public and someone reacting to their own safety/safety of others.

IT IS AMAZING that you and so many other people do not understand this. **Clearly you need to be hospitalized before you understand anything about being hit by a vehicle driven by a distracted driver.**

Enjoy your bubble bud. Ignorance is bliss."
5039,5039,"Well, we know it has it, because squidkid game is there...",gaming,False,[deleted]
68101,68101,"Your stupid comment affected me negatively, pack your shit, you're off to a mental home. ",nottheonion,True,"If your uncontrollable action  effects others negatively, then you should be remanded to some type of care that prevents you from fucking up everyone else's day and stuff. That's pretty much all that needs to be said about that. "
39322,39322,The fired shell is not armed until it spins a certain number of rotations once it leaves the barrel.,HistoryPorn,False,I'm curious about the mechanics of this - how something goes airborne so violently but doesn't detonate until impact.
23461,23461,"He wakes up every morning thinking ""Damn that underage Natalie Wood was good""

",television,True,Everytime I hear that guy is still alive I'm shocked. I wonder if he wakes up in the morning surprised he's still alive.
63345,63345,"Same, if the rams get blown out and Tavon Austin doesn't do shit, I might have a chance of winning.",fantasyfootball,False,Yea the guy I played had Luck and Fitzgerald...dropped like 60 points between the two.
37496,37496,"Wasn't Dany going to attack CR, so the Lannisters had ""no home to go back to""",gameofthrones,True,I hope we get to thoroughly see it at some point in the show!
28327,28327,I think he said he will soon be addressing the issue of legalizing ranch on Mars. ,spacex,True,"Hi Elon! 
Is there any aspect of the Mars colonization plan or Space X in general that you’ve been wanting to talk about, but haven’t been asked yet?"
82485,82485,Just check out my other gw posts when you click on my username! ,gonewild,False,Where can I see that
103662,103662,"kys dude, you are wasting of precious resources on earth",wow,True,"Jesus fucking christ, you cancerous community. They did something neat that affected you in no negative way whatsoever, and you bitched about it endlessly, and now you're cheering that they conceded and reverted the change.
"
91124,91124,"good idea, you can use the carpool lane cause of the hookers",LifeProTips,True,"Also a tent, a foldable table, some chairs, a tv, a PlayStation, a bathtub, some whiskey and hookers."
55006,55006,Its not good to stop pissing n hold it back. ,sex,True,"i do it all the time and every woman i've had sex with loves it.

it helps to work your PB muscle... been doing it since i was 17; i'm 47 now.  my flex is so strong, i can stop urinating mid-stream and put it up to finish later.

during sex, i can throb, throb, throb... as much as she likes it.  when i feel the ejaculation coming on, i flex and hoooolldd to make it ""go back down.""  and i maintain the erection.

no humble-brag intended."
10277,10277,A qadzxAå zsqa the qq the DFd EASD3G1 THE dXXßĎESÈ S AD4 zq sZ6 Aa2AextAÅ,technology,True,"Hi all. I couldn't find an appropriate sub for this question so I hope it's appropriate to ask it here.
I play a Disney soundtrack (OK, it's Aladdin), in my car, which I downloaded off iTunes and play it via Bluetooth through my car's system from my iPhone. I play it quite a lot because my son enjoys listening to it, so I have quite a good ear for how it sounds.
When I put the DVD on for him to watch today, it sounds quite a bit higher-pitched and possibly a touch faster.
So my question is, is it my ancient DVD player that is causing this, or could the phone/Bluetooth connection actually be causing it to sound a touch slow?
TIA"
62218,62218,You are pretty stupid if you think Bjerg is not willing to play a good champ because of his pride.,leagueoflegends,True,He has too much pride to play a low mechanical champion.
35404,35404,Buffy managed to have some of the funniest and some of the saddest moments in television.,television,False,"Buffy The Vampire Slayer and Angel always hit me in the feels. I'm in a rewatch now and, despite having seen these episodes about 10 times now, they still pack an emotional punch. ANnd I haven't even made it to The Body yet!"
59463,59463,Then boy are you in for a treat when it comes to little people representation as elves. ,HistoryPorn,False,I'm not American and I think it's bad. Teaching kids that black people are magical semi-slaves who are stupid or comically naive is probably not great.
49937,49937,"I have a connection with the people who make the official comic, I'll put in a good word for him",gaming,False,I feel like this artist would do a really good adaption to rick and morty
18438,18438,"Oops I declared war with Russia, Uzbekistan and the concept of time.",history,False,"It is a wonderful medication until he wakes up the next morning having ordered a chandler and wooden clogs off Amazon and then drove to the store to buy cheezits and then proceed to smash them into his carpet.
"
45513,45513,I wouldn't want to use that food processor for anything else ever again.,science,True,"Yeah all you need is a healthy turd, a turkey baster, a food processor, and a bit of tap water. I think you can figure it out from there."
43422,43422,A whole lotta 'whoosh' just happened in the responses to this comment...,technology,False,Not everything Patraeus leaked to his mistress is punishable by law.
58843,58843,"No, I think we *all* know why *you* voted for Trump...",WTF,True,">Mexico

Shit like this is why I'm glad I voted Trump. There is a culture of negligence over there which we don't need importing here. And Hilary wanted to end all border control with Mexico as borders are ""racist"". "
44093,44093,"Or that Redditors are filthy little carnies who lack hygienic practices.
",WTF,False,"This post or nearly an identical one pops up every few months.  The concensus is that its months of buildup from jacking off on your back and not cleaning all the jizz out of your bellybutton.
"
64144,64144,"/r/libertarian is leaking /s 

In all seriousness I'm with you. ",Showerthoughts,True,"Who decides what a good reason to marry is? You? If someone wants to marry their partner, that's a good enough reason for me."
23125,23125,You could reverse the names and the comment still holds true. ,technology,False,Asking consistency from Trump is like asking from Hillary to have a moral compass. 
81769,81769,Today you learned flea market sellers will say anything to get you to buy their stuff.,whatisthisthing,False,The weird woman I bought it from said 20s but that seemed wrong. 
81275,81275,Yet there was like one Martha Dumptruck in every class,PurplePillDebate,False,"In the 70s when I was in HS, it was shocking to see a truly overweight person, like 'circus sideshow freak' shocking. Of course you didn't say anything, and it was impolite to stare, but it was an anomaly and very rare. Even to have a young person 30 pounds overweight was rare, although it was more common in older people in their 70s and 80s. 

There were maybe 50 teens in my graduating class that were, what would considered mildly overweight by today's standards, 30 or more pounds overweight, in a graduating class of ~1000. Watch Dazed and Confused or Fast Times at Ridgemont High; that's what teens looked like back then."
28658,28658,they said it would be a complicated engine job iirc,2007scape,False,I didnt see the stream yesterday.  Did they discuss that 1 players suggestion about using the num pad to do more than shift-click?  I like that its passing but the players suggestion had more potential
103655,103655,"thanks dude, sadly i cant look into the mirror without getting depressed again",SuicideWatch,False,"The pain subsides with time. I figure that you're still young. I lost my best friend yesterday and it hit me like a rock. The loneliness can feel like a bitch, but I can assure you it is not going to last forever.

The least you could do is take care of yourself for the time being. Eat well, get some sleep, dress nice. What helps me is standing in front of the mirror and saying ""despite x happening, I love and respect you the way you are."" Just take care of yourself and you will perhaps realize that this isn't the end of the world yet."
436,436,"Gerrymandering isn't because of their minority status, it's because of the fact they vote for the other party.",NeutralPolitics,True,"Gerrymandering is alive and well, friend. 

http://www.wral.com/us-supreme-court-to-draw-lines-on-nc-gerrymandering-case/16297884/"
47608,47608,"Honestly, I feel like I'd be pretty quick the first few times...",gameofthrones,True,Deal. Alternate days or alternate weeks?
83791,83791,"Yes, it even has a list for the people, let's hope it doesn't have the same ending.",nosleep,False,"Anyone else getting an ""And Then There Were None"" / ""Twelve Little Indians"" vibe from this, albeit with a French or Belgian twist?"
74330,74330,"Uber isn't profitable right now because they are still in growth mode, everything gets reinvested",LateStageCapitalism,True,Uber is currently vastly unprofitable. What would be the option? 
12610,12610,"Black culture tends to not trust the police, thus their perception of ""beyond reasonable doubt"" will be different.  ",videos,True,I didn't expect so much apparent racial solidarity (i.e. racism). 
40612,40612,"Oh I forgot, statistics are the racist creation of the white man!!! ",BlackPeopleTwitter,True,That's some real cracker bullshit right there
55238,55238,"> if they're allowed to fulfill their reproductive function, they won't reproduce!",whatisthisthing,True,"&gt; If they're removed before they can release their spores, they'll likely not return.

That's patently false. "
74030,74030,That's why you can you on screen ones on the OnePlus? ,Android,False,I just don't want any type of buttons on the face of my phone. I see them as cold sores of the phone.
90574,90574,"Thanks for sharing, do you mind me asking if you were about the same income level? ",personalfinance,False,I was in the same situation last year. Was on an IBR plan. Not sure how different ICR is. Once I got married I had to include his income. I am no longer eligible for any IBR. Standard only which I cannot afford right now. I'm currently in an extended plan that is not eligible for PSLF and I'm losing at least a year of eligibility. Realistically looking into the future I'm not sure if I will ever be able to qualify again. I could qualify by filing separate but that makes us owe more than 3k in taxes. I love being married but it has done nothing but hurt us financially. 
64409,64409,aren't you glad you aren't going to have a terrible president as the first woman president? ,hillaryclinton,True,"What saddens me most is that I think this is going to set us way back on our quest to have a female president. I think our country is still too sexist to embrace a woman in charge, and that's a big part of what drove out the Trump voters. And the GOP will now see racism and white pride as an effective way to win the White House. Our country will become more divided and less inclusive, as Trumpism becomes a winning strategy. "
102073,102073,"Jill Stein, Gary Johnson and / or a shitload of whisky. ",SandersForPresident,True,"Guys, not fear trolling... but at some point we've really got to call this. 

Is it going to be Hillary or Trump?"
39346,39346,Maybe I'm mistaken but isn't hitmontop when the defense and attack stats are equal? ,pokemongo,False,"He literally said that HP was the standout stat, which in Pokémon GO points towards Hitmontop."
91356,91356,There's always that one dickhead who brings politics into everything,MMA,True,Sad how he doesn't realize that supporting unionized labor and Trump at the same time don't really align.
19115,19115,"Must be a redditor, because that code snippet will cause you to always procrastinate and never take notes! ",GetMotivated,False,"    Boolean isProcrastinating = true;

    while(!isProcrastinating) {
        TranscribeNotes();
    }"
38072,38072,"At that rate mods are ISIS supporters, considering the amount of anti-ISIS insults they remove ",syriancivilwar,True,Are you one of their supporters then?
23562,23562,I was told to chill when suggested that it's a fascist regime and downvoted ,socialism,True,"I want to know how you extrapolate that from his comment. Also, why are you trying to start drama? "
96855,96855,Yeah I switched to an SD stream about 15 minutes into the game. ,soccerstreams,False,"It's choppy for me too, if you can't stream in HD without it being choppy just stream in SD..."
53879,53879,Maybe the Story with the Kids who terrorised a couple and killed their Dog? ,nosleep,False,i feel like ive seen this before
7508,7508,"And don't forget the *Enquirer* has endorsed Trump, a known womanizer and self-described purveyor of fine sexual assault.",HistoryPorn,True,it seems that america has a higher tolerance for womanizing now
31614,31614,gotta go for stuff like that cause it enables them to continue to dodge the topic of racism,nfl,True,That's a pretty lame reason to completely dismiss someone's opinion
45408,45408,IM sorry but I don't want to fight Hillarys Russian war,philosophy,True,"Every president has done that shit man. It's par for the course. It doesn't make it right, but it's not really new information. This country is founded on exploitative and underhanded principles. We've toppled governments just to make a fast buck. If we want to change that, we have to rework the whole system. Electing Trump doesn't solve any of it. All that accomplished is putting a monkey with no experience or clue what he's doing, at the controls, and gives our far more corrupt Congress even more power. Idc who you vote for, your mind is clearly made up, and I'm not in the business of trying to change that. 

That said, Wikileak's release of information this election cycle has obviously been politically motivated and thus, is no longer an unbiased source of information. You can feel however you want about that, but claiming he's performing a ""civic duty to protect the world"" is fucking hyperbolic nonsense if I've ever heard it. At best, he was informing the public of what goes on behind closed doors, things many of us already suspected, and that none of us are powerful enough to do anything about; at worst, he's actively meddling in world politics for his own gain or whoever's got him on payroll. No matter how you slice it, he's not a bloody hero. "
48724,48724,Following me around because your parents are dead and you used to have them soothe your mental illness? ,TwoXChromosomes,True,Deleting all your comments becuase you don't like being called out? Hahaha
81903,81903,Agreed 100% all the hate is bandwagon from battlefield players who havent touched it,gaming,False,"IW isn't terrible, people have told you how much it sucks that you automatically think it sucks, or you have played the game and you trash at it, it's a decent game and MWR just makes the purchase 10x better. 

As for Overwatch, I myself have not played it although I have seen gameplay and it does look interesting and I would like to play it."
45253,45253,"maybe i missed it, I'll look closer thanks for your responses",NeutralPolitics,True,"There's no way Sowell is that dumb. Did he not pay attention to the crisis at all? The crisis was fueled by risk-shifting behavior in the secondary market. So I make a loan, then I sell it on the secondary market. I make a small marginal profit from that loan. I also face zero risk. That's passed on to investors, who in turn are deceived about the quality of the loan package by the credit rating agencies into thinking these packages of loans are a good investment. Because my returns per loan are small, I am encouraged to make many many loans, and because my time frame of holding it is short (like so short the loan is sometimes sold before the actual mortgage is signed) I don't care if the borrower can't even make the first payment. I need to make as many loans as possible. So I get everyone into a house that I can. 

That's like the most basic narrative of the crisis and Sowell apparently missed it? "
105200,105200,Good to see I wasn't the only one this happens to.,LifeProTips,False,"I got Netflix in January and there was no way to get it to run on Safari. The Microsoft Silverlight plugin was required but wouldn't work/install no matter how I (and the Netflix customer service) tried. It just gave a blue loading circle, Netflix itself didn't even load. It's the only reason I even started using Chrome, because it was the only thing that would work with Netflix on my Mac. No idea if that has changed now, I'm in no mood to try, and mostly use an Amazon fire stick to stream on my TV anyway."
7319,7319,It's a sub of white kids desperately wanting people to think they're black what do you expect,BlackPeopleTwitter,True,"&gt;Say black girl good = upvotes

&gt;Say white girl good = downvotes

&gt;Say girl good = upvotes

I'm confused"
54266,54266,"Whoops, looks like I forgot that the only permissible group to generalize about is immigrants. ",CanadaPolitics,True,"I was going to reply to your comment thoughtfully until you said 


>uniform white position


The only person talking about colour is you, buddy. Have a downvote on me."
90958,90958,This is quite possibly the least depressing thing that has ever been on this subreddit. ,me_irl,False,That's adorable
67870,67870,"Research is being done on cancer-resistant naked mole-rats and ""immortal"" jellyfish for that exact reason.",askscience,True,">turning age 90 overnight

So if we could, theoretically speaking, control said repair mechanism, could we then control aging as well?"
25323,25323,"> There can be no crime committed against a ~~straight male çonsevative~~ Jew.

",canada,True,"There can be no crime committed against a straight male çonsevative. This guy should be put down like a dog for being alive and those who assaulted him should be given a hug from our PM
/s"
14682,14682,"I really hope this happens, was thinking the same thing this morning.",spacex,False,[deleted]
33306,33306,And Trump can't ban me from being in the country.,gonewild,True,"Uuh, let's see, Oscar nominee? "
20268,20268,"No need to worry, by the time you can blow 150k on a car, it will come natural.",Futurology,True,"As someone who uses turn signals and really wants an R8, should I train myself not to use them?"
29008,29008,"Lol, I live in Santa Fe, trust me it was him. ",gameofthrones,True,"It's possible, but I highly doubt it. You probably just said ""Good evening, Mr. Martin"" to some random guy who has no idea why you would be talking to him. I don't know. GRRM just doesn't seem like the growling type to me."
75509,75509,"My dentist plan capped at 2000, can't imagine having any deductible on that.",legaladvice,True,"Mine is more than that. I'd be *happy* if mine was $5000.

"
416,416,How much puss do you get with just that opening line? ,nottheonion,False,I'm a wildland firefighter. That's basically what we do to your house and yard if the fire is coming your way. 
24446,24446,"If you're going to tag it NSFW, you might as well not even censor it.",photoshopbattles,False,"[NSFW](http://i.imgur.com/aYks6wA.jpg)

&amp; 


[ANIMATED with MUSIC](http://loopnroll.com/p/LOmnW)

&amp; 




[BONUS:  Justin, it's over - animated with music  ](http://loopnroll.com/p/qHcVk)



&amp;





[Spoiler:) ](https://media.giphy.com/media/WQUQFqUuprTpu/giphy.gif)





"
20349,20349,"Technically it's also impossible to confirm if they are gay, it all depends on the honesty of the donators.",LifeProTips,True,The problem is it's impossible to confirm whether it was protected or not..
47535,47535,My only question is why are you a self-hating male?,news,True,"Locker rooms could cause an issue. If I have a 14 year old daughter, am I a bigot if I don't want her to see an 18 year olds penis in the locker room?"
52186,52186,If they shoot a shotgun in the air at the drone in the MCG won't bystanders get hit?,australia,False,"I'm 10 hours into a cheap VISTA quad- now I'm an expert :P

I'd assume we'll end up with pursuit drones that tag/ram a quad (over a safe space) or latch to it to force a landing under the extra-weight (and if an savant pilot counter thrust).

Or the Police will just get a bunch of shotguns firing scatter-shot and take them down the easy way :)"
46443,46443,Some move move away from the mic to breathe in ,ShitRedditSays,False,some stay dry while others feel the pain
82893,82893,"I think that reconnecting youth with their language, traditions, and culture are important too. ",canada,False,"1-Education

2-Housing"
52630,52630,"I have a Chrome extension that lets you use mono instead of stereo, both my ears liked it just fine.",videos,False,My left ear didn't like this video :( 
2753,2753,I like it but I also liked it right away so it might not be for you,BlackPeopleTwitter,False,"I watched the first 4 episodes of that show, couldnt really get into it. Does it get better?"
19924,19924,The slope is there so that rainwater drains to the corner and into a gutter.,HistoryPorn,False,Roof seems uneven as if there is a structural integrity problem.
62948,62948,"It wasn't really fully told though, it was left at a cliffhanger ",television,True,"Let's hope this remake is better than NuPPG. But do we really need a reboot of Hey Arnold!? Its story has  been fully told, so why reboot it?"
104721,104721,"You can highlight hypocrisy in a proper way, not in the way of a one liner joke.",syriancivilwar,True,"That's a joke, right? It's highlighting extreme hypocrisy, how is it useless? "
32437,32437,If they ever get revoked please come here and complain so people can make fun of you for using them.,pcmasterrace,True,"Just spent 45$ on three games from G2A. Love it, bite me."
25195,25195,"I'm not, I've been **AGREEING** with you the whole time!!! 
",Overwatch,True,"Nobody cares. 

Stop bickering.

Get off my post"
37886,37886,"Having lived in Texas, I know for a fact that +6 million illegals voted for Trump.",AskTrumpSupporters,False,"Having lived in California, I absolutely believe there could have been +2mil illegals voting."
40163,40163,but void increases ur invis magic level accuracy as well doesnt it,2007scape,False,"Iirc, ahrims are better with +90 range/magic than voids. Or vise versa, someone who has better memory can correct me."
56401,56401,"It's why things like skype flip your camera image, but on their screen it looks normal.
",askscience,True,">  Kind of like how we don't like photos of ourselves *because we are used to our mirror image*

Wait, is this true?  Has there been experiments done on mirror flipped photographs?  Is that why people like selfies so much?"
21187,21187,Don't you think their personal views might affect how they do their jobs in that leadership role?,toronto,True,"Question:

If someone writes something nutty on their personal Twitter, and this person is employed in a leadership role somewhere, does their organization automatically share that view?

If so, it is now official United States policy that [""Robert Pattinson should not take back Kristen Stewart. She cheated on him like a dog & will do it again--just watch. He can do much better!""](https://twitter.com/realdonaldtrump/status/258640349872926720?lang=en)"
45591,45591,"Willst du bis der tod euch scheidet
Treu ihr sein fuer alle tagen ?",funny,False,Du hast mich gefragt und ich hab nichts gesagt.
12646,12646,"I totally understood that, it's just that the phrase ""binders full of women"" is hilarious. ",hillaryclinton,False,"It was a completely phony controversy, too.  Romney was relating a personal story from his time in business, when he was told that there were no female candidates available for an open position.  He said he started actually searching for female candidates and found ""binders full of women""; i.e., binders full of resumes from perfectly-qualified female job candidates.  He was making the point that there are gender discrepancies in many fields where they don't really need to exist.  

It was a completely innocuous statement that set off a barrage of ""MITT ROMNEY THINKS WOMEN ARE BINDERS"" radio and TV ads that would make my eye twitch whenever I heard them.  "
86026,86026,at a minimum he owes you for a replacement phone,legaladvice,False,"I have no attorney and frankly have no interest in securing one. He has a job, and has enough money to hire a lawyer to fight his DUI case and his current case with me.

I am not interested in filing a separate suit, more time and money and effort dedicated to something I don't want to deal with. "
24569,24569,"these are all so funny, i feel like gelding each of you.
",nfl,False,Guy from Filly calling out someone's jokes.....
17758,17758,"There are usually 2 points on both sides of the car.


",videos,False,"Yeah for my car to jack the back up, the pinch weld is near the middle of the car, not the back. Not sure for this model but im sure its there for a good reason. "
68600,68600,"That would be nice, a little soot shouldn't be a problem for all the sleuthing the community is capable of.  ",spacex,False,"&gt; From what we've heard it's getting painted underneath the landing legs so it won't be visible like an aircraft tail number.

/u/theroadie was actually unsure on that, he later said it may be [visible under the arch in the legs.](https://upload.wikimedia.org/wikipedia/commons/a/ac/Falcon_9_with_CRS-3_Dragon_in_SLC-40_hangar_(16855338881\).jpg) Regardless, it may be covered in soot upon landing."
16471,16471,"ty, i mean 40% sticker price or more , fastmen))",GlobalOffensiveTrade,True,congratz kid you are first.
7286,7286,I thought this was about that crooked home renovation guy that used to rap on the side.,science,True,"I thought this was about Val Kilmer aka Iceman. 

"
26023,26023,"yeah, I feel you, it's just that blatantly false stories only fuel the anti vaxxer fires.",TwoXChromosomes,True,"Debating how much I care whether or not this particular post is real because of how much I deplore anti vaxxers, but I also deplore fabricated stories to elicit an emotional effect or attention from others. I'll skip the witchunt this time."
39983,39983,"Fuck ironmen

Btw I'm an ironman

( ͡° ͜ʖ ͡°)",2007scape,False,"Fuck you


BTW I'm an ironman"
62843,62843,Thats such stupid fucking logic are you a shill or just ignorant?,technology,True,People need to actually read the bill carefully.  Read sections 62 and 63 in particular.  No need to worry if you aren't doing anything illegal.
74089,74089,You know that's exactly what Nader voters said in 2000 right?,politics,False,"Things getting worse would definitely get more of the general public to take a closer look at what they are condoning by not paying attention and participating.

It seems like it is taking all the political capital available to stop regression, maybe it's time to regroup and try a different strategy."
1219,1219,Hes a lizard sure hes just more of a fatass stupid iguana where Clinton is a komodo dragon. ,books,True,"I thought he *was* a lizard. 

His skin looks like a rubber suit, he twitches his head in  weird way, he speaks English as though it was his third or fourth language... wake up, America!  You voted in a Lizard! A opposed to Britain, which voted for a frog in their referendum. "
78089,78089,"To be fair, mid-air recovery of spacecraft has been around for decades.",space,False,"Plenty of them are still around and work for legacy aerospace companies.  They often say stuff like ""makes no business sense"", ""ridiculous, they lose efficiency when they save fuel for landing"", and ""obviously it makes more sense to blow the tail off the rocket with explosives and parachute it back towards the Earth with the hopes that a giant helicopter can snag it out of the air before it hits the ocean"" (seriously, this is ULA's re-use plan for Vulcan)."
93801,93801,Gotta keep those big 40 comment posts nice and tidy! ,CanadaPolitics,True,Removed; rule 3
103846,103846,haha it IS that evident but doesn't mean this is a proper way to show it.,philosophy,False,"&gt; The author is stating that current political events are ipso facto demonstrations of anti-rationalism without even bothering to explain how this is so.

Agreed. That's just their way of saying: ""This shit is so evident, I don't even have to EXPLAIN that kind of shit."""
18886,18886,"It isn't saying that, it's clearly showing inequality has increased since the recession. ",dataisbeautiful,False,"I... What? That's a very pretty graph, ~~but it's laughable to state that income inequality decreased as a result of the great recession~~. 

Edit: I misread the graph. Hooray, the 0.1 percent have caught up to the rest of us! /s"
87855,87855,"China is rather lenient when it comes to intellectual property, so it's kind of a moot point.",OutOfTheLoop,False,Wait so is MEGA some Chinese botnet collecting everything people do on there? 
946,946,I just realized I criticized an asian's taste in ramen.,me_irl,True,"Naw man that's indomie, the true ramen"
15107,15107,This is going to be my answer from now on,creepyPMs,False,Fertilised eggs are kinda sad.  You crack them open and there's a little chick lying there in your frying pan.  :(
74704,74704,Something in your tone tells me you cant answer my question ,EnoughTrumpSpam,True,Hmm something about your tone suggests you're not exactly interested in a rational explanation...
23520,23520,"\> sub 50 percentile shit performance with controller

But I got carried on heroic progression so it's viable!!!!!",wow,True,"Stop. Don't make a video on something until you know what you're talking about, and don't take Bellulars word for gospel. Consoleport works just fine for healing and raiding, I pushed 9/10 heroic Nighthold firsts week with my guild.

You downplay the viability of the addon when making videos saying ""oh it's only for casuals and lvling."" "
27,27,Not a fair comparison since the number of solar plants far exceed the number of nuclear plants.,PoliticalDiscussion,False,deaths per year causes by nuclear energy vs solar
21064,21064,You do realize you can be socialist and racist/sexist right...?,socialism,True,If you attended one of the universities on the list or know one of the professors then I imagine they would love an email letting them know that you appreciate them taking bold stances against racism/sexism etc. 
5397,5397,"It will probably also show on a background check that the charge was there even if it was dropped, right?",nottheonion,False,"And even though he's been acquitted, now that he has been associated with child molestation, there will still be gossip.

There is no win for this man, his life has already been turned upside down, who knows what this did to his wife and other children if there were any.

I'm pretty sure I'd have to put that kid up for adoption if I were him, I'd never feel safe again around her."
51489,51489,"Hackyouriphone and NCCards, I'd like to try it before I buy it",jailbreak,True,[deleted]
73707,73707,why'd you post here then if you don't want help,SuicideWatch,True,I appreciate the offer. I've been down and gotten up so many times that I just want to stay down. It's pointless getting up. I'm just tired of myself and everything else. 
90255,90255,"&gt; the world can't just never get sick

Isn't this Trump's health care plan.",politics,False,They're the most profitable because there's the least competition and because there will always be a demand for them (the world can't just never get sick).
20022,20022,You don't have to say a pick 6 was returned for a td,nfl,False,"You're right that he was 4th in sacks, but that season, he also:

* Had two pick sixes returned for touchdown...as an edge rusher

* 11 passes defended

* Ten fumbles forced. Ten. That's absurdity.

The guy was a harassment to an offensive game plan, and the sack numbers don't tell the whole story. That was a special season. He deserved it. "
93811,93811,What the fuck that's the weirdest thing I've ever seen in my life.,videos,False,Don't let her watch them. Some people who make those videos will put weirdly sexual undertones in them. [Here's an H3 video on one of them.](https://youtube.com/watch?v=ipTJNNvW-Gw)
35745,35745,There's no point arguing with you because you're too narrow minded to see otherwise.,GlobalOffensive,False,[deleted]
62818,62818,"They were screaming ""He voted Trump"" the entire video, it is pretty obviously the motivation.",BlackPeopleTwitter,True,"Apparently they didn't even know if he voted Trump, the context is he got sideswipped and when he got out to exchange details they just started beating on him"
25194,25194,"Again there's nothing wrong with what i said, your a terrible mod",Christianity,True,Removed under rule 3.1
50495,50495,"""I can only get so erect""

""We'll see about that""",news,True,you would be rock hard either way
90263,90263,"Have a look at the farseer trilogy by Robin Hobb, excellent books. ",books,False,"Medieval Fantasy that isnt GoT and I can have on Kindle. I read The Witcher and the Fallen Empire saga already (Prince, King and Emperor of Thorns)."
28789,28789,I think he was implying that the tribes may not have known just how powerful Western nations actually were. ,AskHistorians,False,"This is completely false. The Missouri River has long been an artery for trade and travel, far into prehistory. Even when the French began extensive fur-trading in the region in the 1700s, they found large amounts of European goods, indicating vibrant trade up and down the river systems of North America."
48420,48420,"wait, do I need to resubmit or can I just edit the text in this post?",NeutralPolitics,True,"Hey /u/wargazm.

I am a mod of neutral politics. This is a really great question, but it does not comply with all the rules of the subreddit. Please see the guidelines for more information. All posts require sources to help you give context to specific ideas.

Your post needs a source on the spoiler effect. Here's one: https://electology.org/spoiler-effect

Also, edit out your own theories. The post is to get comments with new info, not critique your opinion.

If you do this, I will approve it.

Thanks,
/r/neutralpolitics mod team"
38664,38664,Analysis based on memes and half-trues from reddit is my favorite kind of analysis,leagueoflegends,False,"G2 will win lanes, but then Perkz will throw and CLG will capitalize and win. 

Like Zven said - G2 is mechanically better than Origen was, but have less understanding of the game on a macro scale. CLG is the opposite. Mechanically average, but very high understanding of the game on the macro level thanks to Aphro and Xmithie. 

So G2 will win early, but CLG will wait for them to screw up in some fights or map movements and out rotate their ass."
63917,63917,"ITV Sport, Clive Tyldesley &amp; Glenn Hoddle are the commentators for those that are interested.",soccerstreams,False,http://footysteam.blogspot.com/ HD 720p Ustream
104720,104720,You might get more love from your own subreddit rather than spamming everything Patriots here. ,nfl,True,[deleted]
29835,29835,"Yes because humans compete with each other for social capital, not just necessities for survival.",Futurology,False,"If all your basic needs were met, like food, house, eletricity and water, and you were independent, would you risk loosing everything to rob someones new cellphone or would you use that huge ammount of free time and free college/free education to pursue something you love? Maybe even vollunteer, help the community, take care of your elders.

Very few people on this world break the law for the fun of it..."
101426,101426,"PC culture is a fucking cult of irrationality, where each individual is, themselves, their very own personal Jim Jones.",television,True,Just like a religion... 
91966,91966,We still in this bitch gets an occasional spin too,hiphopheads,False,"Oh come on give him a little credit, I think headband still maybe sometimes gets played at frat parties."
78510,78510,"If there is no specific and rooted English version, like Halab-Aleppo, Damascus-Sham, original name is used.",syriancivilwar,False,"And? Does this mean we, as an English-speaking sub, should use Arabic for all the towns in Syria? "
53039,53039,"I think her problem was she floored the gas, haha, ",videos,False,Did she even steer at all?
85601,85601,"Uh you may have replied to the wrong person, I'm in full of support of the existing standard. ",Android,False,"How about those of us without Bluetooth stereos in our work vehicles? My main family vehicle is a 2016 Kia Sorento, no problem there. My work vehicle is a 1996 Jeep Cherokee with an almost 10 year old Pioneer stereo with a 3.5mm aux input, problem there."
54894,54894,It's been like that for a couple of launches now.,spacex,False,Anybody noticed on the webcast it just says 'landing' instead of experimental landing in all previous broadcasts?
70353,70353,"After crunching numbers and cocain in the back, I do, as well, give this synopsis my blessing ",whatisthisthing,True,Without a doubt. 
88615,88615,while shutting down lebron and blocking Kyrie by himself every possession ,nba,False,Score 38 PPG while sweeping the Cavs
43360,43360,"I continue to be amazed how many apologists and sycophants line up to defend him, including in this thread.",LateStageCapitalism,False,"A technological genious, a ideological idiot.

The man is an American Exceptionalist, for fudge's sake. "
103309,103309,I'm gonna bend you over and stick it up your shitter,pics,True,"&gt;Completely misinterpreting the whole ""silly cartoon"" that's so silly it went over your head.......

The cartoon is misinterpreting reality, its only fair that reality misinterpret it back.

I think it works great as a mercy killing, or Trump on a murder spree. 

"
21334,21334,"If she's on the clock, she's ready for my cock",OldSchoolCool,True,She appears to be 11
41246,41246,Mister 880 is a good example of a person counterfeiting for more or less no profit.,personalfinance,True,"Dont see how it would be cost effective to counterfeit $2 bill. Then again, think i read where someone did $1 and it cost more to make the bills than their face value. "
40802,40802,"Well, there's also the point that all of the great classical civilizations happened where flood planes met trade routes.",asoiaf,True,Well... Egypt and the Middle East developed complex civilizations long before Europeans. Of course they had the advantage of being listed at the natural intersections of trade routes. 
27165,27165,"And good riddance it was honestly a crappy show, I loved the premise though",AskReddit,False,Firefly
70989,70989,Well he did explicitly mention his willingness to take a chance. ,creepyPMs,False,"Eww. ""You're so hot, you make me consider incest."" 

Because that's the line that'll make you fall in love, right?"
33227,33227,"Sansa's well past puberty, which means that Littlefinger isn't a pedo, you idiot.",gameofthrones,True,"&gt; contributing factor to her transition to Darth Sansa

I would say that her years of suffering caused her to become emotionally ""dead,"" and make her into a blank-slate. Then right after, she's introduced to Littlefinger's ~~pedophilic~~ ephebophilic scheming, then sold to Ramsey and his sadistic manipulation.

So after losing everything, she's looking to examples of who comes out on top in Westeros. Littlefinger always gets what he wants, so being as sly and cunning as him seems like one hell of a good idea. And Ramsey got thousands of men to follow him just on fear alone, so intimidation seems like another good trait to have."
13258,13258,"It's easier to attack than build up, who do you like ",atheism,False,"Trump never faces the uncomfortable truth of his rampant narcissim; that his sole motivation and reason for existence is self-promotion.
"
44043,44043,I'll take the code please and it's super fun get a greninja and teach it mat block to set up!,pokemontrades,True,That sounds like a fun wee set! I can either give you a code for it or redeem it and trade it to you? :>
1113,1113,Must not live where I am I have 200/200 fibre in New Zealand and get 20-25 ping to Aussie servers,personalfinance,True,"Try being a *New Zealander*. I get 2mbps down, at least 80 ping to Australian servers. 200+ to american ones"
72901,72901,Every self-driving car will kick more than 10 regular ones off the road. ,Futurology,False,"&gt; Enable your car to make money for you when you aren't using it

 That's one I never thought about before. It'll be interesting to see how it'll work."
65919,65919,Do we have any evidence of how the Sioux viewed homosexuality before significant European contact?,AskHistorians,True,"Respectfully, this is /r/askhistorians.  Questions should be clear, specific, and novel.  The question as worded, or even as you amend it is not a particularly useful question.  If the questioner has a specific area of interest then that could be useful.  (EG ""Do we have any evidence of how the Sioux viewed homosexuality before significant European contact?"").  If the asker wants to know if there are examples of Native American cultures that considered same-sex sexuality normative, that could also be a useful question.  The question as asked would require whoever answers to give an outline of a bunch of different cultures across a huge span of time periods, which isn't really useful.  "
51498,51498,"doubt it, I go about as fast as an average person sprinting",TheSilphRoad,False,Are you riding faster than 12 mph?
89667,89667,Eventually we will be lead by Mexicans and owned by Russia.,technology,False,I can't wait for this old guard to die off and be replaced by a younger group who is sick of this shit. I just pray the system isn't completely fucked by then...
28669,28669,The US has been meddling quite a bit in the Middle East for many decades.,bestof,False,"They tried to blow up the world trade center in  1993 when the US were not as meddlesome in the Mideast. 

I do think that the U.S. Gives radicals reasons to be radical. But if US didn't radicals would come up with reasons of their own. "
19608,19608,"Brain eating bacteria in standing water,

You have to plug your nose or you are dead in a fortnight.",gifs,True,"I love the way he holds his nose just before entering the water...""yeah, that's enough danger for one day""
"
4252,4252,"I mean, hydrophobic materials don't have a fear of water.",dataisbeautiful,True,"""Homophobia"" doesn't exist. A phobia is an irrational fear. No one is afraid of homosexuals, we are simply disgusted by them."
10962,10962,"By far not the best player in the team, not even easily compared to elige",GlobalOffensive,False,How in hell was he Liquid's best player?
39383,39383,But what would happen if a bullet struck the COPV helium tank though?,spacex,True,Finally people can stop posting conspiracy theories and asking about how bullets would affect the rocket. I hope those people can learn that the most probable cause is the most likely and control their imaginations. It is a little discomforting that it wasn't a ground equipment issue as now the second stage has failed twice in almost a years time with complete loss of payload. Hopefully they can get a few years with a high volume of flights with no mishaps from here on to calm any increasingly anxious customers. Good to hear the pad is also in decent shape when it comes to the fueling and processing infrastructure. 
44728,44728,"you can change your political view, you can't change your tribe",technology,False,Of course it is different. It's like 2 political parties or even nations being against eachother. They're not racists. What makes the Tribes racists?
63727,63727,"Well sure, there are degrees of bleakness - those would be a 10, (or 0 depending on your outlook). ",toronto,False,Bleak? You've never seen Soviet-style apartment buildings in China and Russia.
65339,65339,Yes that kind of love is different and not quite something I've experienced.,GetMotivated,False,"True love doesn't have to be earned.  You love someone when that person has nothing to you. You love that person without any expectation of anything in return.  

It's possible. Parent to child, for example."
60107,60107,Like we took the Falklands off you (as well as your pride),soccer,True,"And look how well it turned out for those british idiots? Its unfortunate that noone shot them, instead of just taking their pride (and cars)"
12340,12340,"It's not jealousy, it's watching them continue to make Poor decisions and put their children at risk.",OldSchoolCool,True,It's not a reward it's to help protect kids and families. What person on welfare do you know that you're jealous of?
892,892,I wish i lived in an inbred state like Bamer,CFB,True,"Good one? Wish I went somewhere cosmopolitan like Clemson, South Carolina!"
10078,10078,get back into the hole you crawled out from you fungal rimjob faggot.,pokemongo,True,"LOOKS LIKE WE'VE GOT A KEYBOARD WARRIOR ON OUR HANDS GUYS! Eat a dick, you pompous ass. No one likes you easily offended, whiney bitches."
849,849,"""Hitler's foreign executioners"" - now that is a great unbiased book for gentiles to swallow. ",AskHistorians,True,"The short answer is yes, there were schemes to encourage ethnic Germans living overseas to return to Germany.

One such program was the [*Rueckwanderer*](http://www.archives.gov/press/press-releases/2004/nr04-55.html), by which overseas ethnic Germans could go to their consulate, swear allegiance to Germany and state their intention to return to the Fatherland, and got access to a special currency that they could purchase at a favorable rate but could only be spent in Germany itself. This was a double win for the Nazis, since they got foreign currency (of which they had a critical shortage - see Tooze's *Wages of Destruction*) as well as their precious German.

Another example is the Waffen-SS formations composed of foreign-born ethnic Germans, or *Volksdeutsche*. These were initially volunteer units, but conscription of male *Volksdeutsche* of military age was imposed in some German-occupied areas from 1942. Had the SS completed their programs, these men and their families would have been eligible for settlement in agricultural colonies in the newly annexed and depopulated regions. See Lumsden's *SS: Himmler's Black Order 1923-1945* and Hale's *Hitler's Foreign Executioners.*"
86661,86661,Or you a moron or are you trying to be funny? ,nfl,True,So would that be a 'good deed'?
35085,35085,That we were once outraged about anticompetitive business practices regarding internet browsers is starting to look pretty quaint. ,Futurology,True,He's burning off all the bad karma he earned in the 80s and 90s.
45533,45533,"I've got a full slate of marks to play with, I'll give that NBT a try.",DestinyTheGame,False,"Go get the Burden of Proof from New Monarchy. Same ROF, but it's got more range boosting perks and final round. The old one had full auto and was insanely fast firing. Or get the Strongbow from the Gunsmith and wait until you get a good roll with full auto. It shoots a little slower than Invective, but you can get different perks and don't use an exotic slot. Also, the Crucible Quartermaster sells a full auto Next Big Thing which is the same archetype as Strongbow, so use it and see if you like it enough to get a Strongbow. Or just keep that one since it has crowd control which may come in handy when killing bubble rushers. "
12178,12178,It was a reference to Ron Swanson from Parks and Rec. ,OutOfTheLoop,False,[deleted]
101393,101393,Probably most people who have heard the same joke 1000000x since summer of 2015.,hiphopheads,False,"""Aubrey and his writers..."" lol c'mon who didn't laugh at that?"
95216,95216,SOMEONE QUICK MAKE A GIF OF PLAYERS AS WHITE WALKERS AND BLIZZARD HOLDING THE DOOR!,Overwatch,True,"H O D O R

O

D

O

R"
73374,73374,"Honestly, I'd rather my cat eat me and live than starve to death because I died and couldn't feed her.",AskReddit,False,No doubt my cat would eat me if I passed away at home. I think he may start with my eyes though -gain the power and wisdom of the race of the masters of the can opener.
35072,35072,"When you use money like insults to insult someone, what do you think?",UpliftingNews,True,Wow dude. You hear chimp and instantly think of blacks? Asshole!
27141,27141,Doesn't matter to me another person to talk to is another person.,2007scape,False,"Haha im the biggest noob ever man, i finished some quest about a secret tower underneath the wizard tower yesterday. That's about all i do, watch rs videos for the nostalgia and do f2p quests. I'm lvl 41 or something,  have only been playing for 2 weeks after an i dont know 8 year hiatus. Found  a rune skirt (?) while killing scorpions recently, best drop i ever had. Made about 500k from those key things though, feels like really easy money. Sold some kind of tokens on the ge"
95590,95590,How much do you want her to weigh when you eat her ?,aww,False,"She is 11 weeks old and about 17 pounds. We know there's some skepticism about how big she will get, however Claire's parents at full size are still pretty small. That being said if she does grow to 400 pounds, we'll love her the same."
41860,41860,"&gt; Fix the ""depreciation"" rort on new builds

What is the depreciation rort on new builds?",australia,False,"100% right, along with:

* Get rid of CGT discount - go back to the old method
* Fix the ""depreciation"" rort on new builds
* Means test the family home for all assitance payments
* Quarantine negative gearing
* Ignore all NIMBYs

Unfortunately every government meeting on housing affordability goes like this: 

http://i.imgur.com/0MmTu5F.jpg"
96075,96075,"just responding to the title, the article is about biological outcomes which is very difficult to partition unlike physics. ",philosophy,True,In what way does math speak to the specific concerns in the article? Or are you just responding to the title?
56761,56761,"I remember when our school cracked down on spidies, we'd just do them over the weekend or something~",whatisthisthing,True,"We do birthday spiders in Australia, called ""giving someone their spidies"". Gather one for each year in a plastic container, hold the birthday boy/girl down, and pour the spidies down their shirt. Schools have cracked down on it in recent years though, part of the modern ""we can't let children do *ANYTHING* that has the slightest potential to hurt them"" coddling mentality. I only knew like one kid that ever actually got hurt, he was out of hospital in less than a fortnight."
105299,105299,That was a long time ago when Kanye was only a half-lunatic,hiphopheads,False,"But how the fuck is the man who said George Bush doesn't care about black people gonnna turn around and give Trump his approval? I'd argue Trump hates black people more than Bush.

Edit: just gonna include this link from February of this year. http://m.huffpost.com/us/entry/us_56d47177e4b03260bf777e83"
6458,6458,I really just thought it was a funny misspelling lol,history,False,"""Anyone who knows of only one way to spell a word lacks creativity."" 

I guess i should edit it tho people are getting mad. "
64517,64517,What if the woman lies about being on birth control?,AskTrumpSupporters,False,"&gt;By this means, before a child is born a man would be able to absolve himself of both the privileges and demands of fatherhood

He can also do that by not getting someone pregnant in the first place. It's not like people don't know where babies come from."
8803,8803,"Regardless, it still illustrates a good point between jumps in product development.",GetMotivated,False,"[Did Henry Ford actually say, “If I’d asked my customers what they wanted, they’d have said a faster horse.”?](https://www.quora.com/Did-Henry-Ford-actually-say-%E2%80%9CIf-I%E2%80%99d-asked-my-customers-what-they-wanted-they%E2%80%99d-have-said-a-faster-horse-%E2%80%9D)"
3740,3740,Pokemon is all on the head of an autistic boy staring at his snow globe.,pokemon,True,"It isn't just with Jojo and FMA

It will be a crossover of everything."
26922,26922,I'd say they want to use the information to better understand his chances in the general.,NeutralPolitics,False,"&gt;Marshall added in a later email: “It’s these Jesus thing.”

&gt;In response, CEO Amy Dacey said: ""Amen.""

This is after they decide that he's an atheist and pretty clear that they want to use it against him.  Sure, they never did publicly, but this shows that they were privately contemplating ways to hurt the Sanders campaign."
39646,39646,SM has the best production and sounds the most cohesive out of the 3,hiphopheads,True,"""king savage"" you mean slaughter king boy ? savage mode better than slaughter king but the slaughter tape and free guwop are both better than savage mode"
58314,58314,"&gt; Its attack retreats back out the bag, so sort of I guess

FTFY",pokemon,False,"Its attack retreats back to the bench, so sort of I guess"
83701,83701,Awww don't worry video games are totally a valid way to spend all your free time.,toronto,True,"http://www.redbull.com/ca/en/athletes

Are you retarded"
92653,92653,"Most of /r/diy is already ""not quite"" or ""complete shit"" attempts.",DIY,True,"If it had turned out better, I totally wouldn't have been as self-degrading, but yeah, I think we need more ""not quite"" attempts on /r/diy. The ""wait what the hell am I doing"" process is as interesting to me as the ""I've done this a hundred times and here's how I do it"" result."
47781,47781,If you wish to sustain the level of ignorance you have*,LifeProTips,False,"LPT: don't play the devil's advocate. He doesn't need one. When I am discussing with you, I want to hear your opinion and views, not something you believe others think."
5555,5555,How else are you supposed to cum over those beautiful tits?,MMA,True,hes Bryan Caraway. He always pulls out
35076,35076,"Apparently YOU don't know how elo ranking works, since you're just using it as a blanket ""defense"" to justify anything",Overwatch,False,"You must have missed the other 100000 posts of people not understanding how Elo works.

It's working fine and is fair. People on this sub reddit just don't understand how Elo ranking works.

"
76842,76842,He's doing hella more with his platform and presence than just a voter. ,socialism,False,"Why? I vote, but it's my right to choose and I just so happen to choose to exercise that right. But if someone else chooses not to excersise that right for any reason, including because the political system does not represent their interests and actively works against their interests and rights, well I'm not going to think any less of them for it. It would be great if someone high profile like Colin Kapernick openly worked for an alternative to our current political parties or system, but that's on all of us to accomplish. "
6886,6886,"Funny that ""it actually happened"" hasn't stop the T_D brigadiers from pretending otherwise.",nottheonion,True,"I opened this expecting it to be the most /r/thathappened worthy story of the year.  Turns out it actually happened.  The fuck were you thinking, man?"
46088,46088,Mind if I ask what's been happening with this sub?,ImGoingToHellForThis,False,Posting these text in general are stupid
92024,92024,"༼ ºل͜º༼ ºل͜º༼ ºل͜º༼ ºل͜º ༽ºل͜º ༽ºل͜º ༽ EVERYONE, GET IN HERE ༼ ºل͜º༼ ºل͜º༼ ºل͜º༼ ºل͜º ༽ºل͜º ༽ºل͜º ༽",PoliticalDiscussion,False,"Look at that.  DNC reaching out to Asian American voters.  Hey everyone, get in here!"
70471,70471,"Apparently it is only one guy and not ""people"", maybe you should learn to read as well?",asoiaf,True,"Mate, if people are consistently misinterpreting what you say then the fault is on your end rather than theirs. 

Spell out what you are saying rather than being a smartarse to people who misunderstand you, this is how people communicate."
28134,28134,If you go to his page he's spamming the basket of deplorables hashtag as well.,The_Donald,False,"I'd rather say she's calling you an Uncle Tom for supporting Trump.

#\#BindersFullOfDeplorables"
69497,69497,"They have a right to a healthy safe family, same sex parents provide that same as opposite sex.",science,False,I don't care about no study. What about the right for a kid to have a father!? Or a Mother!?
24995,24995,I think it's because Alexis/Robert was living as a man in the final months of their life. ,UpliftingNews,False,"&gt;""Our brother Robert, who became our brother Alexis, who became our sister Alexis, who became our brother Alexis""

Can someone explain this to me? I thought she was a male to female transgender?"
46397,46397,how do you have your phone model and iOS in your user name?,jailbreak,False,Statusbar CS
91024,91024,"I am interested in comp pokemon as well, do you have a list of the 5iv Pokémon?",pokemontrades,True,"Remeroid
OT: Rickey
ID: 27057 
Via Chain Fishing

Zubat
OT: Adoom
ID: 30224
Via Redditer Adoom in trade 

Interested in any? Also have untouched 6 IV Eevee and 5 IV mons. Willing to do 4:2 if interested in comps "
34381,34381,"I'm not being facetious, I literally think their actions mean they're crazy. ",socialism,True,Don't use ableist slurs. Edit that out and I'll approve your comment.
102510,102510,I'm going to assume this is your first time to /r/nosleep,nosleep,True,how old are you? you're fucking ridiculous. I hope this fake! 
29659,29659,It's Cydia Installer you'd need to remove to delete Cydia.,jailbreak,False,I think in Cydia you can remove Cydia substrate and it should remove Cydia (I think) but it won't completely remove jailbreak for that you need a fresh restore 
5785,5785,Where exactly did he say that's the worse thing his kid did?,funny,True,You left your kids alone and that's the worst thing they did? None of the boxes were on fire or anything?
14502,14502,Because they are higher income than the rest of the country and are surrounded by liberal states.,dataisbeautiful,True,"> It's probably because left-wing people, being not racist, understand that the success of a region depends on the policies it adopts, not its racial composition.

How come Vermont has some of THE most lax gun laws in the country, yet has THE single lowest homicide rate in the country? 

How come New Hampshire is generally to the right, yet also one of the safest, and best to live in states? 

You honestly don't think who lives somewhere affects what the place is like? 
"
57828,57828,"It wasn't a real little girl, but rather a robot. ",politics,False,Why the hell is she hugging little girls if she's contagious?
51694,51694,"I really miss Stan bid, he was a good character.",asoiaf,False,"Yeah, to me thinking anything else is gonna happen reminds me too much of how I convinced myself that Sansa wouldn't get raped, or that Stan bid wouldn't burn shireen himself. I would love something else to happen, but I really feel like Rickon is gonna burn. I don't like it as far as plot points go, but we'll see how it plays out."
104525,104525,It was only a slave state to equal out the numbers. ,dataisbeautiful,True,"West Virginia was a slave state. It is included in the US census definition of the Southern States. https://en.wikipedia.org/wiki/Southern_United_States

>We fought for the union. West Virginia is the southern most north state.

By your definition of northern state, West Virginia isn't anywhere close. Kentucky, Missouri, Kansas, and California all fought for the Union and are further south than West Virginia."
61529,61529,Aston Villa team seemed to be shit even in the beginning of the season,soccer,False,The entire Villa team vs. the entire Leicester team
1033,1033,But there are much better ways of consuming THC and CBD.,dataisbeautiful,False,Not to mention we have amazing data that suggests inhaling smoke is bad for you due to cigarettes. One would assume that marijuana smoke inhalation is bad for your lungs as well.
97250,97250,"Multiple books and university level courses, as far as books go read *The Sleepwalkers* by Christopher Clark, really good explanation.",HistoryPorn,False,Grade 8 history.  What was your source?  I'm curious. 
81875,81875,"I'm retired now, but for many years I *was* the boss.",whatisthisthing,True,You *don't* go through yours?
49966,49966,"> now

Go through the archives and you'll see it's as it's always been.",The_Donald,True,/r/The_Donald now equals /r/im14andthisisdeep
77490,77490,It's almost like that's the reason a lot of comments are deleted in /r/news and /r/worldnews.... ,AskReddit,True,That's why I subscribed to /r/uncensorednews. Not sure how long I'll stay there though since the comments tend to be pretty toxic.
50368,50368,"I'm sure giving 2 first rounders for mozgov is a better ""next step"" right?",nba,False,[deleted]
73010,73010,No I mean wasn't it Oreilly who made fun of him.,OutOfTheLoop,False,"Nah, Jon Stewart. He changed his name because of his estranged relationship with his father, Trump assumed he did it for showbiz and made fun of him."
74242,74242,Wouldn't we just assume that the experimental Black box radiator was not perfect?,askscience,True,"the basic idea is that if a blackbody could radiate at any possible frequency, then it could radiate at infinite different frequencies simultaneously. if something is radiating at infinite frequencies, then even if we are only talking about a tiny amount of energy at each frequency, it would involve infinite energy.

discrete energy levels solves this problem by limiting the number of possible frequencies to something manageable."
72913,72913,I heard the new night time DLC includes burning christian bodies to light the place up!,history,True,"Imagine a VR experience where you get to take in the old era view from atop that dinning room, someone make this happen!"
68672,68672,"Without computer he would have to male do with smoke signalling his ""wisdom""",technology,False,"If true me trump, please for gods sake get off twitter"
63089,63089,"We aren't talking about refugees, we're talking about potential refugees, so no the charter doesn't apply to them.",CanadaPolitics,False,[deleted]
30059,30059,Anita sarkeeshian just shat her bed and is shaking in her boots to your misogynistic and patriarchal ways,pokemon,True,First ~~island~~ world problems. I guess Mimikyu knows that male Pikachu are more popular.
73728,73728,That reminded me of the olof - GuardiaN meme lol,GlobalOffensive,False,"Well last time they met on mirage, Navi rekt Tyloo, still remember Guardian's ace to finish the map."
42352,42352,"Probably doesn't want to screws to come back out, right?",DIY,False,"Don't get red loctite though, unless you never ever want to take those screws out. The blue will do you just fine (different colors = different strengths) "
96098,96098,"Make sure there is a lot of emphasis on the ""veteran"" part.",legaladvice,True,"> Stump it up in a business meeting, explain she isn't allowed a prosthetic

Real nonchalantly, like she's just making small talk: ""Yeah, y'know we can't display prostheses here, so I figured it'd be easier to just take it off than modify my clothes or something.""

Would be especially effective if the meeting involves people from outside the company. "
27686,27686,It was a spell in a video game i played so im part of the 20,askscience,True,I would trust this guy on fires. Only about 20 people know what a conflagration is.
62120,62120,"that way hitler wouldnt be austrian so
 
 
 
you guys gotta embrace him",europe,False,"By the power bestowed in me as a Georgian, I ban him from being ethnically Georgian...



He is Turkey's problem now. "
57544,57544,true it's the other one with the huge head/torso  they are both horribly proportioned ,MMA,False,that's not that ref
34606,34606,"Accusing someone of being a sjw is a pretty weak argument against their points.
",changemyview,True,"i. e how much it affects their chances

you seem like an sjw..."
13410,13410,Just lock this guy up with those 100 stray sogs,india,True,Fuck you
61178,61178,Light pollution from cities extends out pretty far past the city itself.,space,False,Why would they have a clearer image of Jupiter back then? Is it the greenhouse gasses and space junk we have a lot of today? 
67430,67430,"Yea, god forbid someone actually posts something that's actually WTF ",WTF,True,Inb4 mods delete it for too much gore
29709,29709,YOU SHUT YOUR FUCKING MOUTH OR SO HELP ME DARWIN I WILL DDOS YOUR ENTIRE LIFE TO HELL,nottheonion,True,Sounds like reddit
81012,81012,"So did Huma Abedin and she's an admirable person, so it's alright",EnoughTrumpSpam,False,We got fucked by Weiner.
103716,103716,"*My god*, these people are *born* at the age of 50. ",nottheonion,False,No one that knows how to turn on a computer/ phone is a native. 
20920,20920,"    Its calledbeing considerate

You are being very inconsiderate of the struggles of people dealing with suicidal tendencies.",toronto,True,Fuck em. Kill yourself in a private manner. Dont be an attention whore that tries to go out with a bang and inconvinience thousands of people. Your life is so damn important that has to affect the rest of us right?!? Fuck compassion. Its calledbeing considerate
66357,66357,"Humans tended to live into at least their fifties, infant mortality brings the average down.",science,False,"Life exists to create more life. Humans, even if we had no medicine, can usually live to their late 20s to early 40s. A mature human male and female have no real ""downtime"" to mate like other species of life (which is why they may need to be ""hardierĺ), which gives us very high advantages when mating.

There's a reason dogs give birth to so many puppies while humans are 1 or 2 at a time. We have an exceptionally easier time growing as a population overall."
96218,96218,The US will soon find out how fast a civilised society can collapse.,HistoryPorn,True,"The BBC has a [great 5 hour documentary](https://www.youtube.com/watch?v=oODjsdLoSYo) on the war.

Crazy how quickly such a civilized place can fall apart."
34496,34496,"I'm honestly not too familiar with ingress, is there a map to show the POI's?",pokemongo,False,Did you guys have Ingres working in your area(s)? Anywhere there was an ingress POI there seems to be one for PGO. I'm playing in Canada and it seems to share all the same POIs
59268,59268,I watched enough psych to know that everyone in Santa Barbara is a serial killer anyway.,hillaryclinton,False,"The Santa Barbara News-Press endorsed His Cheetoness. No surprise, since that rag was [taken over by a crazy woman](https://en.wikipedia.org/wiki/Santa_Barbara_News-Press_controversy) who pretty much made herself the editorial staff."
92876,92876,169 dollars is 149 euro why is every crown owner trying to manipulate the price so hard?,GlobalOffensiveTrade,False,I just did the conversion my friend its 161euro atm :)
92593,92593,I think the Irish and English might disagree with you.,news,False,"Christians don't do it enough and to an extreme enough degree to be a problem about it, for the most part."
93000,93000,Because they weren't posted to his Instagram account u fucking moron.,conspiracy,True,"Yes I would be very angry if someone posted pictures of my children on a sexually explicit Instagram account and then made references to sexual abuse in the comments of those pictures, like the owner of Comet Pizza did. For that reason, I can certainly understand the parents anger.

You seem be defending him, however. Why is that? 
"
13332,13332,Man I remember when I watched that movie and thought that was true.,HistoryPorn,False,"Well, what I mean by that, sir, is... if you was to put me and this here sniper rifle anywhere up to and including one mile of Adolf Hitler with a clear line of sight, sir... pack your bags, fellas, war's over. Amen. "
100611,100611,Is there a story behind this that we ought to know about?,whatisthisthing,True,"What others have said, also this kind of a knife is called a box cutter. Do *not* attempt shaving with one. "
17957,17957,You shouldn't rap or voice your opinions because they're both really bad.,AskReddit,False,"i made a rap for drug users. 

you're a drug abuser,
a child abuser,
you goddamn loser. 
"
1127,1127,">You know before even reading the comments I guessed he was born on December 11 1909  

Aaaaaaaaand you were wrong. ",history,True,You know before even reading the comments I guessed he was born on December 11 1909 
76512,76512,Nah you would be fine you just have to reinstall the app,jailbreak,False,"Yes, I was considering that, I'm just unsure whether my tweaks will remain or if I'll have to reinstall them"
81678,81678,"True, Yahoo comments section is such a cesspool of negativity. ",space,True,"Oh I know. He does lots on facebook, too. But you can't deny Yahoo is home to some of his best."
95748,95748,Well that Is something I've never thought about but you're right,nosleep,False,"Surely this series is popular enough to catch the eye of the police, etc? For all we know, Detective Hernandez could be reading this...."
68352,68352,Have you been a twat your whole life as well?,GetMotivated,True,"I have had a normal weight my whole life, where is my fucking medal?  
Edit: thanks for all the kind responses, you guys made my day!  
Edit 2: Thanks for helping me lose this much karma in so little time! I lost 6 karma in 5 minutes! I feel so much lighter!"
52443,52443,"&gt;we’re prepping a Medium post from either our CFO or our CEO 

corporate media = propaganda.   

",SandersForPresident,False,"DNC illegal collusion with Hillary Victory Fund.

&gt; On Wed, May 4, 2016 at 7:35 PM, Miranda, Luis &lt;MirandaL@dnc.org&gt; wrote: Hey Josh, since the Sanders camp keeps pushing stories about the money laundering, we’re prepping a Medium post from either our CFO or our CEO we want to run by you. It will sharply state that the criticisms are wrong, etc.. basically our talking points in a Medium post format with some extra detail. Since it’s your HVF we want to make sure you guys are good with it, and with the push back. We’ll send you the draft once it’s ready, but wanted to put it on your radar.

https://wikileaks.org/dnc-emails/emailid/4091"
43268,43268,lil ADHD bitch scared of competition LOL kids these days,nba,True,"No, there's no denying this was the most cowardly move KD could have made as a competitor. That's the thing. This is not being a competitor. Def. not bitter, I'm actually very excited to see how this pans out."
76944,76944,whites have a worse cultural strategy than ducks or dolphins.,ShitRedditSays,False,*Cough* Whites *cough*
25161,25161,Maybe you wish you were a dick so you fantasize using psychological projection that I'm a universe sized dick.,conspiracy,True,Maybe you got banned for being a dick
18623,18623,So why advocate for replacing bad programming with bad programming vs just not watching a specific channel?,toronto,False,Yeah umm they invented integrated tv guides that make you aware of programming without actually tuning in.
30027,30027,"I'm not familiar with what ""full on"" means, but maybe that's turning people off.  ",relationships,False,"I guess one of my more successful best friends happens to be more independent, laidback and carefree. I'm also a chilled out person but in the past i've been described as being full on, however i have been learning not to become full on. I can also be sexual."
21937,21937,No Bogut and no Draymond is a pretty big deal.,nba,False,"this should be upvoted more, Bogut going down completely changed their interior presence "
62166,62166,increase the regulations on meat so that animals don't needlessly suffer,Futurology,False,Good point. Now what can we do today to make the future we want?
77422,77422,a bit of luck and strategic farting goes a long way,gameofthrones,False,"Yeah, he's gotten here after eighty years of lucky rolls."
